Title,Themes,Link
100 Deep Anxiety Prompts,"anxiety, overthinking, emotional awareness, calming the mind, mental health support, grounding practices, stress relief, self-reflection, healing & letting go, inner turmoil, journaling for clarity",https://drive.google.com/file/d/1JnaNmns64NpFibx6XbDG6_a-ALxKhE6m/view?usp=drive_link
100 Positive Affirmations For Women,"affirmations, self-worth, confidence, self-love, empowerment, emotional healing, daily motivation, inner strength, positive mindset, feminine energy, mental wellness",https://drive.google.com/file/d/1p2Ie-ayRFrE7OQsxQBZAbiRzbwT8ehpT/view?usp=drive_link
100 Self Reflective Prompts,"self-reflection, personal growth, emotional awareness, journaling, clarity, grounding, self-awareness",https://drive.google.com/file/d/1w1wnyIALz4Tzo3tEpBSMpMFKeclioN8v/view?usp=drive_link
115 Deep Mental Prompts,"mental clarity, emotional depth, self-reflection, personal growth, mindfulness, healing, introspection",https://drive.google.com/file/d/132O9_vchFG9THmhgYwBGYjYm-j_0aS-0/view?usp=drive_link
12 Week Weight Loss Planner,"fitness goals, body wellness, motivation, habit tracking, self-discipline, health planning, nutrition",https://drive.google.com/file/d/1l-gECUV8ybwtckB-Q2xzySoh00Hmoe4b/view?usp=drive_link
200 Mental Health Journal Prompts,"mental health, emotional awareness, self-reflection, healing, anxiety support, mood tracking, personal growth, introspection",https://drive.google.com/file/d/1kf_nIpynBMIHwce1Kg_GQkSmX6YebgkZ/view?usp=drive_link
5 Minute Gratitude Journal,"gratitude, daily reflection, emotional grounding, mindfulness, self-care, positive mindset, morning routine, journaling habit",https://drive.google.com/file/d/1JQTFMVh7tph0jBGDoVQtT5yDF_bPW2z0/view?usp=drive_link
7 Day Food diary,"nutrition, food journaling, self-care, eating habits, health awareness, body connection, mindful eating, daily tracking",https://drive.google.com/file/d/14M6ep0lpYy9T7wsLAZKR4AlTq9958ufj/view?usp=drive_link
75 Medium Challenge,"goal setting, self-discipline, personal growth, motivation, mindset, building habits, resilience, life structure, challenge tracking",https://drive.google.com/file/d/1hYiIl5QLYHl0FilAVnJzfV6-gWS0wiF0/view?usp=drive_link
75 Soft Challenge Tracker,"habit tracking, self-discipline, wellness goals, personal development, consistency, mindfulness, gentle routine, accountability, lifestyle balance",https://drive.google.com/file/d/1NvPztOE5g66Ait4_vbCoJtV4X20qH-1N/view?usp=drive_link
ADHD Life Planner,"adhd, parenting, organization, structure, overwhelmed, emotional regulation, executive function, kid milestones, planning, life balance, time management, routines, visual planning",https://drive.google.com/file/d/1VMVal-KyUakPwFhDxHLP65dnAp1jA-h6/view?usp=drive_link
ADHD Planner,"adhd support, executive function, focus and productivity, routine building, time management, attention tracking, task management, mental clarity, planner templates",https://drive.google.com/file/d/1x64rPcWXN0lD4NceDVtO7vCbGBvHX1D8/view?usp=drive_link
ADHD School Planner,"adhd support, academic planning, student focus, school organization, routine building, homework tracking, executive function, study habits, mental clarity",https://drive.google.com/file/d/1WoMs4vEOD_YrDMYPmp53yiGtyIMYhI0b/view?usp=drive_link
Anxiety Journal,"anxiety, emotional awareness, calming techniques, journaling, self-soothing, mental health support",https://drive.google.com/file/d/1747AMwGe84JXSWEQjcLOoW6HnZ26m6hI/view?usp=drive_link
Being an Introvert Journal,"self-discovery, emotional awareness, inner reflection, personal growth, mindfulness, journaling",https://drive.google.com/file/d/1HJFHFKKk65e79hU2M_58trX7iGyyifJw/view?usp=drive_link
Blood Sugar Planner ,"blood sugar, health tracking, chronic illness  ",https://drive.google.com/file/d/1xpXaV5BtHT0GdA_nwQFuL_OkQ1QpqOWP/view?usp=drive_link
Brain Dump Bundle,"emotional dumping, mental clarity, thought release  ",https://drive.google.com/file/d/1dzEwot7Eu924QCWxhiIGCXqX2txKfsRy/view?usp=drive_link
Bundle of Trackers,"progress tracking, goals, habits  ",https://drive.google.com/file/d/18uaW-HuUfvHe7QIZ0gUPRP9XDFFaM1cw/view?usp=drive_link
Chronic Illness Reflection Journal Prompts.pdf,"chronic illness, emotional reflection, self-awareness  ",https://drive.google.com/file/d/13AGMifSoFNq_jHZpOf_G9Ac2iX-jGBoR/view?usp=drive_link
DBT Mega Bundle,"DBT, emotional regulation, therapy support  ",https://drive.google.com/file/d/1W3Mf8KAbjlZv5dRlZXYPBeDpK7HwOIY4/view?usp=drive_link
Daily Affirmation,"daily affirmations, self-worth, motivation  ",https://drive.google.com/file/d/1Vyv_Pdz_aZuplPdifIm0m-XaXMtyfKvu/view?usp=drive_link
Daily Devotional journal,"faith, spiritual growth, daily reflection  ",https://drive.google.com/file/d/1jSYVxloTokAP8dPiQOTxDXGayQDF3qxR/view?usp=drive_link
Digital Reading Journal,"reading, journaling, book tracker, reflection, goal setting, focus, attention, reading habits, calming activity, mental clarity, screen-free practice",https://drive.google.com/file/d/1lWq1toFfl0jv98fVX6-832QwyWA-66uA/view?usp=drive_link
Emotional Awareness,"emotional awareness, self-reflection, mindfulness  ",https://docs.google.com/document/d/1o_7bC091qYmFDyNlrvyaVlJQqjLIE-ao/edit?usp=drive_link&ouid=116523547594072735500&rtpof=true&sd=true
Find Your Passion Planner,"life purpose, motivation, career direction  ",https://drive.google.com/file/d/1IQhWPhIQE4e0CSaKC7oS89PkP6dv1sjJ/view?usp=drive_link
Fitness Planner Bundle,"body goals, fitness routine, strength building  ",https://drive.google.com/file/d/1EN-o79hZMVW1O-yrp6RzB57ZNUUEUFkY/view?usp=drive_link
Fitness Planner  ,"fitness planning, exercise tracking, health  ",https://drive.google.com/file/d/1usuSWZMa6UWk4k_wl48bh3zDf2JWEesx/view?usp=drive_link
Gratitude Journal 02,"Gratitude, Reflection, Positive Psychology  ",https://drive.google.com/file/d/1UjZxGGHF5nRKwewkq9CXvQNEmWalyqyO/view?usp=drive_link
Gratitude Journal With Prompts .pdf,"gratitude, mindfulness, emotional awareness  ",https://drive.google.com/file/d/1o6BVxIhQxtWD4G7lyAnv3GSAMNEflV8-/view?usp=drive_link
Gratitude Journal,"gratitude, self-love, emotional healing  ",https://drive.google.com/file/d/1BskFTnKOJHTWSR6fwcLoAgX7mLuRwue7/view?usp=drive_link
Healthy Living Planner,"healthy habits, lifestyle, wellness  ",https://drive.google.com/file/d/1kTzChy4D6oCKVNu2kOoisir7XbxpSepP/view?usp=drive_link
Healing & Letting Go,"letting go, forgiveness, emotional healing  ",https://docs.google.com/document/d/1-1qY7LnC-FWJ_cxicVXSkYVKQbxpcBRf/edit?usp=drive_link&ouid=116523547594072735500&rtpof=true&sd=true
Health & Self Care,"self-care, skin care, wellness routines  ",https://drive.google.com/file/d/1YKW-KUQ1qXbdW89bHIJ6iUIq-5cvKMrD/view?usp=drive_link
Health Care Planner,"medical planning, appointments, healthcare  ",https://drive.google.com/file/d/1ar-YiIOpuG7fIb-tdLPgj6GaCvdvbtZV/view?usp=drive_link
Health and Wellness Planner,"health & wellness, routines, body awareness  ",https://drive.google.com/file/d/1W768gHVwp_n3lEseEF55_tW5HydYYPCF/view?usp=drive_link
Healthy Living Journal,"wellness tracking, healthy living, self-care  ",https://drive.google.com/file/d/1YgGuZjLcvC_g1QgNUogIbzKOdaMB66vI/view?usp=drive_link
Journaling Planner,"journaling, self-awareness, expression  ",https://drive.google.com/file/d/1Yuc1XDpo0tYLAKV0tTpYRjtoHPURAzBS/view?usp=drive_link
Life Planner,"Llfe goals, productivity, long-term planning  ",https://drive.google.com/file/d/14pjJ4vBRk8eixF1ohRVmGADwZvgsaULU/view?usp=drive_link
Life Planner A4,"productivity, goal planning, monthly routines  ",https://drive.google.com/file/d/1glHUbsiuf2mYMJeM_pyz0prYXYgh-9CS/view?usp=drive_link
Mental Health Planner,"mental health, tracking, reflection  ",https://drive.google.com/file/d/1I3E-SrbbepugLQRfqT11ZM5VrKMka-_7/view?usp=drive_link
Meal Planner,"meal planning, nutrition, health tracking, self-care, routine, organization, wellness, food journaling, daily structure",https://drive.google.com/file/d/1uPdGYQIDnsdwMtP9mgTVc17gkKJN6bf-/view?usp=drive_link
Medical Planner,"appointments, treatment tracker, medical planner  ",https://drive.google.com/file/d/1T5FJjruecFrJHI9MBMTx-PC4V_xVRg4P/view?usp=drive_link
Mental Health Bundle,"mental health tools, emotional support, anxiety  ",https://drive.google.com/file/d/1jXS77OZgqV-rGrCsIN2lRZjQGH99Jhbt/view?usp=drive_link
Mental Health and Self-Care Planner,"mental health, daily reflection, self-care  ",https://drive.google.com/file/d/1aOpRkXL-rm6LZQ4PBtB085E2knv5Qjg7/view?usp=drive_link
Mood Trackers,"mood tracking, emotional awareness, patterns  ",https://drive.google.com/file/d/1Z7zRyrUdImG9f0g3SFKMSVb4TGKDQQa7/view?usp=drive_link
Morning Intention & Grounding,"morning intention, grounding, presence  ",https://docs.google.com/document/d/1iQqRt4iQE_q_mwvHPfFxB59PJE5V4apl/edit?usp=drive_link&ouid=116523547594072735500&rtpof=true&sd=true
Night Reflections,"evening reflection, stillness, gratitude  ",https://docs.google.com/document/d/1eU4KD1u49pF9bnYJfJmC6PpcbeKycVpt/edit?usp=drive_link&ouid=116523547594072735500&rtpof=true&sd=true
Nutrition Planner,"nutrition, meal tracker, food planning  ",https://drive.google.com/file/d/1DCqWY59MhBI_YOdEEYzguu7Se5Ap9qbP/view?usp=drive_link
PTSD & Trauma  Processing  Workbook,"trauma recovery, PTSD, emotional processing  ",https://drive.google.com/file/d/1Mgew2Ub9YKwhBZg6YQkyOyYziVFgGhKG/view?usp=drive_link
Personal Growth Planner A4,"growth, goal setting, mindset  ",https://drive.google.com/file/d/1JNtl9kOIglJtngOqc_OIaCRaIOJGyaBp/view?usp=drive_link
Reading Planner,"reading log, learning tracker, book goals  ",https://drive.google.com/file/d/1775_o44gVjJ6p5MR4WfGmntWnKSm0QOV/view?usp=drive_link
Recipe Cards Bundle,"cooking, nutrition, kitchen organization  ",https://drive.google.com/file/d/1QQICe3JmvsxloxJBAjyLsmvSniaCIoCP/view?usp=drive_link
Relationship Journal Prompts,"relationships, journaling, communication, emotional intimacy, trust, connection, reflection, personal growth, vulnerability, love, conflict resolution",https://drive.google.com/file/d/1nnvbEsBQ_dkQErvsEPOUoKeWB6yzoQt1/view?usp=drive_link
Self Control Activity Book,"self-control, impulse management, emotional growth  ",https://drive.google.com/file/d/1nmYQWdBiraEuAYJu8CuSlv-oQUXgPZow/view?usp=drive_link
Self Love Journal,"self-love, reflection, empowerment  ",https://drive.google.com/file/d/1U6E_48SxoIZEYsJLJ8o_jipimf6muF-y/view?usp=drive_link
Safety Crisis Plan Journal,"mental health, crisis planning, safety, emotional regulation, emergency support, trauma awareness, self-soothing, grounding, anxiety tools, self-care",https://drive.google.com/file/d/1AkaCgTWchF887iaW_JxCY_Uo3XVYbn7e/view?usp=drive_link
Self Care & Skin Care Planner,"self-care, skin health, wellness  ",https://drive.google.com/file/d/1CWFaYMzipV0MC9bjCY3qKScrAjR7WQCW/view?usp=drive_link
Self Confidence Planner A4,"confidence building, empowerment, self-esteem  ",https://drive.google.com/file/d/1aNMJ1fvKhApyNEWP68Q2purNP5zGrutg/view?usp=drive_link
Self Love Planner A4,"self-love, self-esteem, affirmation  ",https://drive.google.com/file/d/1vVv5Xa95j1ueEtye4An3NUf2FC_0LLbR/view?usp=drive_link
Self Love Workbook,"self-worth, inner healing, reflection  ",https://drive.google.com/file/d/1jgT96cokQh49EW2cpQlQ5Sp1Rs1vqrUI/view?usp=drive_link
Self-Discovery Journal,"self-discovery, journaling, self-reflection, personal growth, inner healing, identity, purpose, emotional awareness, mindfulness, self-awareness",https://drive.google.com/file/d/1iP9MjrbwxHQ5_TRXR4qhBN7-lBk5iuy8/view?usp=drive_link
Soul Connections & Twin Flames,"spiritual growth, soul connection, twin flames  ",https://docs.google.com/document/d/1Od0gx1srZFY4b24t_M1DZ6MQZBJpNRDu/edit?usp=drive_link&ouid=116523547594072735500&rtpof=true&sd=true
Switch Off Journal,"anxiety release,quiet mind, emotional reset  ",https://drive.google.com/file/d/1iUXCIj_kjiWHo8aAxUI44uIbtuABNaJo/view?usp=drive_link
Therapy Journal,"therapy notes, emotional awareness, healing  ",https://drive.google.com/file/d/1rZK4QXNoNKRLADOjdKxBjIf4l1rK1ZEM/view?usp=drive_link
Weight Loss Planner,"body image, weight loss, self-care  ",https://drive.google.com/file/d/1_RIpuLaLVdTTzX_kFiBCtE5mIjTMygEj/view?usp=drive_link
